{"cameraMode":{"drawMode":0,"name":"Shaded","section":"Shading Mode"},"sceneLighting":true,"audioPlay":false,"sceneViewState":{"showFog":true,"showMaterialUpdate":false,"showSkybox":true,"showFlares":true,"showImageEffects":true,"showParticleSystems":true},"in2DMode":false,"pivot":{"x":-1.8694438934326172,"y":4.30029821395874,"z":3.0725183486938478},"rotation":{"x":-0.21880260109901429,"y":0.19659005105495454,"z":-0.04512801021337509,"w":-0.9546943306922913},"size":16.799240112304689,"orthographic":false}